[중국요리] 중화요리 중국집 해물사천짜장 / Korean cuisine Spicy jajangmyeon,해물사천짜장입니다. 감사합니다!,https://www.youtube.com/watch?v=CP08dGdRqd4,chinese,"양파,쭈꾸미,오징어,버섯,새우,중화면"
[1인칭시점] 중화요리 중국집 중화비빔밥 만들기 / Korean cuisine Spicy Pork Stir-fry / 韓国料理 辛い 豚肉 炒め物,중화비빔밥 입니다. 감사합니다.,https://www.youtube.com/watch?v=xsrld4nPdGg,chinese,"당근,피망,양파,파,호박,버섯,돼지고기,쌀,오일"
중화제육면 1인분 만들기 ㅣ 백종원의 쿠킹로그,오늘은 SBS 맛남의 광장에 나온 중화제육면입니다. 맛남의 광장 출연진들도 맛보고 감탄을 금치 못한 메뉴의 레시피를 공개합니다!,https://www.youtube.com/watch?v=fEYJSPSGaLI,chinese,"파,간장,설탕,고추장,된장,양파,양배추,호박,칼국수면"
고기짬뽕라면 1인분 만들기 (feat.맛남의광장) ㅣ 백종원의 쿠킹로그,오늘은 맛남의광장에서 멤버들과 점심으로 먹은 고기짬뽕라면입니다. 비 선호 부위인 돼지 뒷다릿살로 푸짐하고 얼큰한 짬뽕 맛을 느껴보세요!,https://www.youtube.com/watch?v=2sUjx8PE_vg,chinese,"돼지고기,호박,양파,파,양배추,계란,간장,오일,라면"
[1인칭시점]중화요리 중국집 쟁반짬뽕 볶음짬뽕 만들기 / Korean cuisineSeafood spicy noodles / 韓国料理シーフード辛い麺,볶음짬뽕 3인분 입니다. 감사합니다.,https://www.youtube.com/watch?v=m-KOBvMjwxU,chinese,"파,당근,양파,호박,양배추,배추,새우,버섯,중화면"
[1인칭시점] 중화요리 중국집 라조육 만들기 / Korean cuisine Pork fried food Cooking / 韓国料理 豚肉 揚げ 料理,라조육 입니다. 감사합니다.,https://www.youtube.com/watch?v=xDD851VTPkU,chinese,"피망,파,마늘,버섯,브로콜리,고추"
리얼 1인칭시점 중화요리 깐풍기 만들기 / Chinese cuisine chicken / 中国菜,손님이 주문하신 깐풍기 입니다. 감사합니다.,https://www.youtube.com/watch?v=Mwx7toHCsOM,chinese,"닭고기,당근,양파,양배추"
[화니의 요리] 돼지고기의~ 완벽한 변신! '동파육' 만들기 / Dong Po Pork / Dong Po Rou / 東坡肉 / Asia Food / 늄냠TV,이번 요리는 많은 시청자분들께서 신청하신 요리~ 돼지고기 요리의 완성판이라고 할 수 있는 '동파육'입니다. 중국의 유명한 시인 '소동파'가 고안했다고(혹은 이름 붙였다고)알려진 이 요리는 돼지고기 삼겹살을 주 재료로 사용합니다.,https://www.youtube.com/watch?v=nDUXdFRH-OM,chinese,"돼지고기,파,마늘,생강,간장,설탕"
[화니의 데일리쿡] 중국 집밥의 대표메뉴~! '홍소육' 만들기 / Braised pork belly / 紅燒肉 / Hong Shao Rou / Asia Food / 늄냠TV,안녕하세요~ 화니의 데일리 쿡! 입니다. 이번 요리는? 중국의 대표적인 가정요리! 홍소육 입니다.,https://www.youtube.com/watch?v=IcRTOYTwzdU,chinese,"돼지고기,파,생강,간장,설탕"
중화요리 #12 [탕수육],짜장면과 함께 인기있는 탕수육!! 집에서 탕수육을 해먹는다면?! 한번 따라서 만들어 보시죠~,https://www.youtube.com/watch?v=0qTlgLht3c4,chinese,"양파,당근,생강,파,오이,돼지고기,소금,계란,오일,설탕"
중화요리 #1 [깐풍기],집에서 깐풍기를?? 배달시키면 어마무시한 가격의 깐풍기 집에서 간단하게 해먹어 봅시다~,https://www.youtube.com/watch?v=zehRM5PQjxM,chinese,"파,마늘,생강,피망,닭고기,오일,소주,설탕"
중화 요리 #11 [라조기],많이 시켜먹는 대중적인 메뉴는 아니지만 닭고기가 들어가서 맛있는 라조기!! 집에서 간편하게 해먹어 봅시다아~,https://www.youtube.com/watch?v=0GrJJ86Vgcg,chinese,"파,고추,생강,피망,버섯,닭고기,소주,간장,설탕"
중화요리 [난자완스],사먹는 난자완스보다 더욱 맛있게! 더욱 푸짐하게! 집에서 한번 해먹어 보면 어떨까요?,https://www.youtube.com/watch?v=aZiYaUyKQqU,chinese,"돼지고기,소금,간장,계란,생강,마늘,버섯,파,소주"
가성비 미친 중국식 미트볼 난자완스,안녕하세요! 오늘의 레시피는 난자완스 입니다 그.. 왜 중국료리 집 가면 미트볼 비슷한 비싸보이는 그 음식 있잖아요! 술안주로도 좋가 손님초대요리 로도 좋고 사람들 많을때 만들어 주면 신기한 요리 바로 그녀석 입니다,https://www.youtube.com/watch?v=mU3sLaoFkqc,chinese,"돼지고기,계란,간장,버섯,오일"
중화요리 [볶음밥],항상 배달 시켜 먹던 중국집 볶음밥!! 집에서도 엄청 간단하고 쉽게 해먹을 수 있어요 이렇게만 해보세요!,https://www.youtube.com/watch?v=3NDEozCHI4Q,chinese,"호박,당근,파,새우,소금,쌀,짜장"
중화요리 #10 [짬뽕],집에서 해먹는 얼큰한 짬뽕 넣고 싶은 해산물을 마음대로!! 입맛에 맞게 끓여먹어 보세요~,https://www.youtube.com/watch?v=e1VU2K53weU,chinese,"마늘,양배추,새우,오징어,돼지고기,고추,파,간장,양배추,중화면"
중화요리 [짜장면],중식 메뉴중에 가장 즐겨먹는 음식!! 짜장면을 집에서 쉽고 간단하게 만들어먹기! 생각보다 많이 어렵지 않아요~,https://www.youtube.com/watch?v=Ob_4OPVeYdU,chinese,"오일,양파,양배추,파,돼지고기,설탕,생강,춘장"
중화요리 #3 [마파두부],밥과 같이 먹어도 맛있고 그냥 요리로만 먹어도 맛있는 마파두부 집에서 쉽고 간단하게 해 먹어 보는건 어떨까요?,https://www.youtube.com/watch?v=x9j6y_QaoqI,chinese,"파,마늘,생강,피망,두부,돼지고기,간장,설탕"
중화요리 [토.달.볶] [ENG],부드럽고 맛있어서 매운 음식과 먹기 좋은 메뉴! 해장겸 아침식사로도 간단하고 좋은 토달볶~ 한번씩 해드셔 보세요~,https://www.youtube.com/watch?v=rdX36sbhC-0,chinese,"토마토,파,계란,오일,소금,참기름"
중화요리 [멘보샤],그 핫하다는 멘보샤 빵과 새우의 조합으로 이렇게 맛있게? 식사로도 좋고 간식(?)으로도 좋은 메뉴 집에서 직접 만들어 보세요!!,https://www.youtube.com/watch?v=agDEnDIaVUU,chinese,"식빵,새우,소금,계란,오일,간장,설탕,마늘"
커스타드 떡?? 간단한 재료로 중국 디저트 🍳삼불점💛 만들기 (三不粘 / sān bú zhān / 싼부쨘),"★ 삼불점(三不粘) ★ 오늘은 중국 디저트인 “삼불점”을 만들어봤습니다! “삼불점”이라는 이름은 “세 가지에 붙지 않는다”라는 뜻을 가지고 있는데, 그릇, 치아, 젓가락 이렇게 3가지에 붙지 않는다고 해서 붙여진 이름이라고 합니다.",https://www.youtube.com/watch?v=xztQKUYHKzU,chinese,"계란,설탕,오일"
깜짝놀랄 중국냉면 레시피. 정말쉬운데 맛은최고 인생레시피각 cooking show,정말정말 쉬우면서 맛있는 중국냉면 만들어 보겠습니다. 적어 두시고 여름내내 사용 하세요^^,https://www.youtube.com/watch?v=4irl25jR1Rw,chinese,"새우,오이,당근,고추,중화면"
#신계숙 #중국디저트 #연근 중국도 아주 달달한 디저트! 하인들이 한땀한땀 넣어 만들었다는 중국 고급디저트~연근달달이 糖藕,연근달달이 糖藕,https://www.youtube.com/watch?v=BjSl8c4lCyU,chinese,"연근,쌀,설탕"
가지요리/중국식 가지볶음 만들기/중국 본토 사천식가지덮밥/肉末茄子做法,안녕하세요 중화요리TV는 중국현지 여러가지 다양한 요리와 가정식 요리를 소개하는 채널입니다.,https://www.youtube.com/watch?v=RR1LVotqsq8,chinese,"가지,돼지고기,마늘,생강,오일"
중국요리 본토요리 지삼선 만들기 地三鲜做法,지삼선은 땅에서 나는 세가지 싱싱한 야채 감자 청홍피망 가지를 뜻합니다 애들과 여자분들이 좋아하는 메뉴 입니다,https://www.youtube.com/watch?v=YEJ56dmz510,chinese,"감자,피망,가지,간장,설탕,오일"
처음 해보는 사람도 가능한 유린기 레시피,곧 연말이 다가옵니다. 파티 해야 하는데 무슨요리 만들어야 할까 고민되시죠? 맨날 족발 보쌈 피자 치킨만 시키지 말고 큰맘먹고 한번 만들어 보시는건 어때요? 한마리 값으로 두마리 양이 나오는것도 좋지만 너무 맛있기 때문에 모두가 깜짝 놀랄거에요,https://www.youtube.com/watch?v=r2cY8GobZcU,chinese,"닭고기,양상추,계란,간장"
[중국요리] 바나나 빠스 拔丝香蕉,"재료소개 바나나, 설탕, 식용유, 튀김가루, 계란, 깨(옵션), 물약간",https://www.youtube.com/watch?v=cXO920wZQrY,chinese,"바나나,설탕,오일,계란"
[화니의 데일리쿡] 덕(Duck) 스러운 오리요리~ '베이징 덕' 만들기 / Peking Duck / Chinese Roast Duck / Asia Food / 늄냠TV,"이번 메뉴는 상당히 무모할수도 있는 도전입니다. 바로 북경스타일의 오리구이~! 북경고압 즉, '베이징 카오야'는 우리에게 '베이징 덕'으로 알려져 있습니다. 노릇노릇~ 바삭하게 구운 오리를 야빙(전병의 한 종류)에 싸 먹는 요리지요.",https://www.youtube.com/watch?v=e78Lkglm1vs,chinese,"오리고기,소금,설탕"
중국요리 대파쇠고기볶음 한우볶음 31회 家常菜 葱爆牛肉的做法 31集,"중국요리 이름 ""葱爆牛肉""",https://www.youtube.com/watch?v=j9dZaI2u2vM,chinese,"소고기,파,피망,마늘"
중국요리 커민양고기볶음 23회 家常菜 孜然羊肉的做法 23集,,https://www.youtube.com/watch?v=xRCkLfs42B0,chinese,"양고기,계란,생강,소금,오일"
고오오급 오! 마이 아보카도연어덮밥 (사케동),"🐽요리순서🐽
1. 위 소스재료와 채 썬 양파 1개를 이용해서 소스를 만든 뒤에 식혀주세요!
⭐️소스를 식힌 후에 차갑게 먹으면 더 맛있어요!⭐️
2. 아보카도와 연어를 좋아하는 모양과 크기로 잘라주세요.
3. 흰 밥에 절여진 양파과 소스를 올리고 위에 아보카도와 연어를 올려주세요.
4. 계란 노른자, 파슬리, 무순, 와사비를 올려주면 끝!",https://www.youtube.com/watch?v=flFuIe8ebR4,japanese,"연어,쌀,파"
"일본인 새댁 카도이의 불맛나는 오야꼬동 레시피,일식집 맛이나는 오야꼬동 만들기","#오야꼬동#오야꼬동레시피#닭고기#일본가정식
✔︎일본인 일식요리 전문가 카도이입니다
 (신세계.현대백화점 롯데백화점 문화센터 요리강사)",https://www.youtube.com/watch?v=orQZ5wzVk-A,japanese,"닭고기,파,계란,쯔유,간장,설탕,쌀,미역"
매콤한 라유 연어장 만들기!,"#일본가정식#라유#연어#레시피
안녕하세요 카도이입니다!

✔︎일본인 일식요리 전문가 👩‍🍳 
 (신세계.현대백화점 문화센터 요리강사)",https://www.youtube.com/watch?v=PJfuuxy8j5k,japanese,"연어,부추,쯔유,고추장,참기름,소금"
초간단 부타동레시피 부타동 만들기,"#일본가정식#부타동#돼지고기
안녕하세요 카도이입니다!

✔︎일본인 일식요리 전문가 
 (신세계.현대백화점 문화센터 요리강사)",https://www.youtube.com/watch?v=TRq8qgUO7IE,japanese,"돼지고기,양파,파,쯔유,간장,설탕,생강,계란"
야끼소바 만들기!,"#일본가정식#야끼소바#중화면
✔︎일본인 일식요리 전문가 👩‍🍳 
 (신세계.현대백화점 문화센터 요리강사)",https://www.youtube.com/watch?v=jy-OBlgxTMg,japanese,"돼지고기,중화면,당근,파,숙주나물,돈까스소스,굴소스,간장,꿀,마요네즈,가쓰오부시"
크림카레우동 만들기!,"#일본가정식#카레우동#생크림
안녕하세요 카도이입니다!

✔︎일본인 일식요리 전문가 👩‍🍳 
 (신세계.현대백화점 문화센터 요리강사)
인스타에서 요청이 많아서 레시피 올립니다~",https://www.youtube.com/watch?v=bhtfdSt6J1g,japanese,"감자,우유,소금,후추,양파,당근,닭고기,우동,쯔유,카레,생크림"
찜기없이 만들수있는 생크림푸딩 레시피,"#푸딩#생크림푸딩#일본가정식#디저트
✔︎일본인 일식요리 전문가 카도이입니다
 (신세계.현대백화점 롯데백화점 문화센터 요리강사)
  
 ✔︎네이버 블로그 https://m.blog.naver.com/kadoiakiko319
 ✔︎인스타그램 https://instagram.com/oishiihanashi319",https://www.youtube.com/watch?v=ta6Y9EzBixM,japanese,"설탕,생크림,계란,젤라틴,우유"
"오꼬노미야끼 레시피,믹서기로 초간단하게 만들기","#일본가정식#오꼬노미야끼#양배추
안녕하세요 카도이입니다!

✔︎일본인 일식요리 전문가 
 (신세계.현대백화점 문화센터 요리강사)",https://www.youtube.com/watch?v=R-g3UqnIYDU,japanese,"양배추,파,어묵,계란,돼지고기,오징어,마요네즈,돈까스소스,굴소스,간장,꿀,밀가루,베이킹파우더"
유부부터 만들어먹는 유부초밥 레시피,"五目いなり의 뜻은 5가지재료가 들어간 유부초밥이라는 뜻입니다,제가 소개해드리는것은 2가지재료로만든 레시피지만 집에 있는걸로 바로 만들수있는 레시피에요.별도로 우엉이나 연근등 뿌리채소를 넣어셔도 맛있게 만들수있어요

✔일본인 일식요리 전문가 카도이입니다👩‍🍳 
 (신세계.현대백화점 롯데백화점 문화센터 요리강사)

안녕하세요 일식전문가 카도이 입니다!
맛있는 일식을 더 많은 분들께 알리기 위해 다양한 일식을 소개 해드리고자 영상을 찍었습니다.
일본조미료를 사용하지않아도 한국에 있는 재료로 충분히 맛있는 일본요리를 만들어먹을수있게 제가 레시피를 연구하여 알려드립니다,여러분께 도움이 될수있는 영상이 되었으면 좋겠습니다.",https://www.youtube.com/watch?v=VW-WEqIGeNI,japanese,"유부,쌀,다시마,식초,설탕,소금,간장"
일본식 소고기덮밥 [규동만들기 :Japan-style Beef Meal. Gyudon] ,"한그릇 뚝딱~ 너무 맛있게 먹었습니다.
혼밥. 급하게 후다닥 맛있게 드실분들 강추입니다.

재료
양파 1/4 쪽파약간 소고기 120g 물 200g 다시마 가쯔오부시 한줌   계란1 간장3Tb 설탕2ts 맛술1.5Tb 김 밥한공기",https://www.youtube.com/watch?v=2yX69ZmltPc,japanese,"양파,파,소고기,다시마,가쓰오부시,계란,간장,설탕,소주,김,쌀"
일식전문가의 캘리포니아롤 만들기,"일식조리기술원입니다.
일식전문학원의 캘리포니아 롤 만들기입니다.
자세한 레시피와 요리 순서를 알려드립니다.",https://www.youtube.com/watch?v=9O6dTFdtSo8,japanese,"김,오이,맛살,아보카도,쌀,와사비,마요네즈,연유,날치알,무순"
[간단 자취요리] 내가 초밥왕! 집에서 계란초밥 만들기,"안녕하세요 여러분들!!
신나는 토요일 즐겁게 보내고 계신가요~눈누냔냐♬
오늘은 계란초밥을 만들어 봤어요~
재료도 저렴하고 좋아하는 사람도 엄청 많은 계란초밥!

계란말이는 저번에 업로드 했던 일식 계란말이와 같은 레시피라서
이번엔 편집을 간단하게 줄여봤어요
혹시 일식 계란말이 만드는법 좀 더 자세히 보고싶으신 분들은
밑의 링크를 통해서 확인하세요!",https://www.youtube.com/watch?v=C6CAQQlzMZ0,japanese,"계란,김,쌀,설탕,소금,소주"
[일식요리] 소유라멘 만들기 일식요리 전문가의 자세한 설명!,"일식 면요리의 대표 라멘입니다
소유라멘을 만들어봅시다 ^^",https://www.youtube.com/watch?v=5269hqRdcB8,japanese,"계란,간장,설탕,후추,돼지고기,마늘,생강,파,생면"
알밥만들기. (일식집 버전),"일식집 메뉴 알밥 .
간단한  한끼 메뉴로 추천합니다.
준비한 재료 곱게 다져서 밥위에 올려 주고 불위에 잠깐  올려주면 알밥 완성~
간단하지요?
김치볶음밥과 오므라이스가 쪼금....
식상하다 싶으실때  날치알 톡톡터지는 알밥 ..
어떠세요?🥰",https://www.youtube.com/watch?v=7fN4_Y8VXDA,japanese,"김치,단무지,맛살,오이,쌀,당근,날치알,김,참기름"
다마네기동 (양파덮밥) 만들기,"청주나 미림 없이, 누구든지 구할 수 있는 재료로 만드는 양파덮밥 만드는 방법을 보여드려요. ",https://www.youtube.com/watch?v=FOGAw8R5JH8,japanese,"양파,간장,설탕,식초,계란,오일"
"제대로 만드는 돈지루 레시피,심야식당에서 나온 인기메뉴","안녕하세요 일식전문가 카도이 입니다!
맛있는 일식을 더 많은 분들께 알리기 위해 다양한 일식을 소개 해드리고자 영상을 찍었습니다.
일본조미료를 사용하지않아도 한국에 있는 재료로 충분히 맛있는 일본요리를 만들어먹을수있게 제가 레시피를 연구하여 알려드립니다,여러분께 도움이 될수있는 영상이 되었으면 좋겠습니다.",https://www.youtube.com/watch?v=XteA7Cqc4SI,japanese,"다시마,가쓰오부시,소금,당근,무,버섯,돼지고기,파,참기름"
"타마고산도 만들기! (일식달걀말이샌드위치,egg sandwich)","블로그 레시피 - https://blog.naver.com/chechey3/22117... 
요즘 SNS 인기메뉴인 일식 계란말이를 넣은 타마고 산도 만드는 방법에 대해 올려보겠습니다.^^ 

재료: 식빵2장, 계란4개, 진간장2/3큰술, 미림1큰술, 다시마물2큰술, 소금1작은술, 식용유 약간 
소스: 마요네즈1큰술, 와사비1.5작은술, 디종머스터드 2작은술

자세한 내용은 영상을 통해 확인해 주세요^^",https://www.youtube.com/watch?v=feFeC2ITup4,japanese,"식빵,계란,간장,다시마,소금,오일"
집에서도 샤브샤브 맛있게 만들기 상세한 레시피 심방골주부,"매번 식당에서 샤브샤브 먹으려면
재료도 많지않고 비싼 가격에 힘드셨지요.
심방골주부표 소고기 샤브샤브 만들기 입니다.",https://www.youtube.com/watch?v=PSC0QvF2tzU,japanese,"배추,부추,양파,파,버섯,간장,소금,후추,다시마"
"일본식 계란찜 레시피, 부드러운 푸딩처럼 만들기","* 일본식 계란찜 만드는 방법!
1) 계란을 풀어 섞어줍니다.
2) 다시마 물이나 그냥 물을 1:1 비율로 섞어 주고, 소금간을 하세요.
3) 체에 2번 정도 계란을 걸러 알끈 제거를 해줍니다.
4) 열에 강한 그릇에 섞은 계란을 넣고 랩을 씌워 주세요.
5) 물을 넣은 냄비에 넣어 중불로 끓어 오르기 전까지 끓이세요.
6) 물이 끓으면 최약불로 바꿔 총 15분간 끓여줍니다.
7) 냄비가 뜨거우니 조심히 꺼내 고명을 얹어주면 끝~

부드러운 맛이 좋고, 간간히 해먹으면 별미에요 : )",https://www.youtube.com/watch?v=1CixbR_E9sk,japanese,"계란,다시마,새우,소금,후추,파"
집에서 만드는 일본카레전문점 매운카레 / 아비꼬 카레 st ,"[매운카레소스 만들기]
S&B 골든커리 (매운맛) 또는 오뚜기 3일숙성 고형카레(약간매운맛)
   (오뚜기3일숙성고형카레를 사용시 고형카레4조각에 커민가루 1 tsp을 추가해주세요)",https://www.youtube.com/watch?v=Hyuadnw4Vts,japanese,"카레,우유,양파,돈까스소스,케찹,버터,당근,마늘,오일"
[이지쿡레시피] 일식집 부럽지 않은 굴소스볶음우동 만들기!,"따끈한 국물과 깔끔한 맛의 우동도 좋지만 좀 더 자극적이고 입에 착착 감기는 야끼우동!
취향 따라 고추도 팍팍 넣어서 매콤하게 즐길 수 있는 굴소스볶음우동 레시피를
지금 영상을 통해 확인해보세요~",https://www.youtube.com/watch?v=sGdvNhPhygU,japanese,"우동,오징어,새우,양배추,양파,파,당근,숙주나물,고추,굴소스,가쓰오부시"
"[다다푸드] 집에서 만드는 일식, 가츠동 레시피","넘 맛있는 돈가츠동 ㅠㅠ 
보글보글 끓이기만 하면 금방 만들어서 한그릇 뚝딱",https://www.youtube.com/watch?v=LBg93EAfdE8,japanese,"다시마,간장,소주,설탕,양파,파,돼지고기,계란,밀가루,쌀"
이자카야에서 먹는 아게다시도후 만들기 일식요리 전문가의 자세한 설명!,"이자카야에서 먹는 아게다시도후를 집에서 누구나 만들 수 있어요
업장 레시피를 영상으로 소개합니다 !",https://www.youtube.com/watch?v=95aeEsfDwjo,japanese,"두부,파,가쓰오부시,밀가루,소주,간장,설탕"
일본 오므라이스 장인 따라하기 오므라이스레시피ㅣ편의점다이닝,"오늘은 일본 유명한 오므라이스 달인 기술을
따라해보았어요
제나름대로 분석하고 공부해서 한번 시도해보았습니다.

감사합니다!!",https://www.youtube.com/watch?v=IUXyxvzvoQg,japanese,"계란,오일,버터,소금,쌀,당근,파"
겨울철 따끈한 일본 서민요리 오뎅탕 만들기,"#오뎅#일본요리#Oden
おでん

 Follow me!
Instagram@hoon2136
https://www.instagram.com/hoon2136/",https://www.youtube.com/watch?v=UktXU4IrEgI,japanese,"어묵,무,연근,곤약,유부,소금,간장,가쓰오부시"
[스테이크덮밥] 일식집 안가도 이 특제소스면 간단히 맛있게 먹을 수 있지,"🧡만드는 법🧡
1. 스테이크에 간을 한다.
2. 소스를 만든다.
3. 양파, 대파를 손질한다.
4. 고기를 굽는다.
5. 양파랑 소스를 함께 굽는다.
6. 밥을 올리고 그 위에 양파소스와 스테이크를 올린다.
7. 맛있게 먹는다. (끝이다!)",https://www.youtube.com/watch?v=lUXw3jn6Fe4,japanese,"소고기,양파,파,와사비,오일,간장,소주,설탕,버터,후추,소금"
"일식집 알마끼,김치마끼,술안주에 좋은 마끼 집에서 쉽게 만들어 드세요","마끼의 종류도 여러가지가 있습니다.
들어가는 재료에따라 불리우는 이름이 달라지구요,맛이나 모양도 다양합니다.
오늘은 3가지 대표적인것만 소개해 드렸구요,추후에 다른재료와 다른 모양의 마끼를 소개할 예정입니다,참치로 만드는 데까마끼부터,겉과 속이 바뀐 우라마끼도 있구요,여러가지의 마끼들이 있는데 다음 기회에 만드는 방법을 소개해 드릴께요~~",https://www.youtube.com/watch?v=fctrwUJrJGo,japanese,"단무지,오이,당근,참기름,마늘,김,무순,날치알,김치,고추"
돈카2014 치즈카츠 만들기 #치즈카츠 #돈가스 #골목식당 #커리,"1. 돼지등심을 돈까스망치로 두드려 3mm정도 두께로 펴주세요 소금, 후추 밑간~
2. 치즈는 가로,세로,두께(4x5x4)cm 직사각형
(정해진 사이즈 아니니 취향껏 ^^)
3. 치즈를 고기 중앙에 놓고 선물포장 하듯이 감싸아 
랩으로 단단하게 말아 냉장고에서 30분 숙성
4. 숙성되는 동안 밀가루, 계란물, 빵가루준비
이때  기름온도를 180에 맞춰주세요
5. 숙성된 고기를 밀,계,빵 순으로 튀김옷을 입혀 5~6분 튀겨줍니다 
여기에서 치즈가 안에 까지 녹았는지 확인이 안되실거에요 반으로 컷팅하고 치즈가 안녹았다면 
렌지에서 30초 정도만 돌려주면 끝",https://www.youtube.com/watch?v=5y78sFV1cCM,japanese,"돼지고기,치즈,밀가루,계란,소금,후추,양배추,카레,양파,버터"
"【일본가정식】일본경양식 토마토니코미 레시피,술안주도 빵도 모두다 잘 어울려요","안녕하세요 일식전문가 카도이 입니다!
맛있는 일식을 더 많은 분들께 알리기 위해 다양한 일식을 소개 해드리고자 영상을 찍었습니다.
일본조미료를 사용하지않아도 한국에 있는 재료로 충분히 맛있는 일본요리를 만들어먹을수있게 제가 레시피를 연구하여 알려드립니다,여러분께 도움이 될수있는 영상이 되었으면 좋겠습니다.",https://www.youtube.com/watch?v=tu2pLTynoNs,japanese,"양파,마늘,닭고기,버섯,후추,소금,화이트와인,설탕,토마토"
집에서 '크림 파스타'쯤이야,"집에서도 쉽게 만들 수 있는 '크림파스타'를 가져왔습니다.
생각보다 만드는 방법은 아주 간단합니다
나중에 다른 재료들도 함께 넣어 응용해서 드세요~

=======================

[만드는 법]

*면 삶기

1. 냄비에 정수물, 꽃소금, 올리브유를 넣고 스파게티면 삶을 물을 끓인다.
2. 물이 끓어오르면 면을 돌려서 펼쳐 넣고 붙지않도록 저어주면서 약 6분 정도 삶아 준비한다.
Tip: 크림파스타 농도 조절을 위해 면수는 버리지 않고 따로 보관해둔다. 
3. 삶아진 스파게티면은 체에 밭쳐 건져낸다.

*베이컨크림파스타

1. 베이컨은 두께 1cm 정도로 자르고, 양파는 가로, 세로 0.5cm 정도로 다져 준비한다.
2. 양송이 한 개는 가로,세로 0.5cm 정도로 다지고, 반 개는 두께 0.5cm로 편 썰어 준비한다.
Tip: 슬라이스 4조각 정도만 보이게 편 썰어서 넣어준다.
3. 프라이팬에 베이컨, 다진양파, 다진 양송이 버섯, 올리브유를 넣고 중 불에 볶는다. 
4. 양파가 노릇해 질 때까지 충분히 볶는다.
5. 양파에 색이 나면 버터를 넣어 볶고, 버터가 녹으면 우유, 편 썰은 양송이 버섯, 스파게티 면을 넣어 졸인다.
6. 밀가루를 넣고 잘 풀어 주어 농도 조절을 한다.
7. 불을 약 불로 줄인 후 꽃소금으로 간을 한다.
Tip: 소스 농도가 너무 되직하면 면수를 추가한다.
8. 불을 끄고 파르메산 치즈를 골고루 뿌려 섞는다.
9. 후춧가루를 뿌려준 후 접시에 담고 파슬리 가루를 뿌려 완성한다.
Tip: 기호에 따라 우유를 추가해 소스를 더 만들어 사용한다.",https://www.youtube.com/watch?v=0bnFoRQebq0,western,"스파게티면,소금,오일,베이컨,양파,버섯,밀가루,우유,버터,치즈,후추,파슬리"
초간단 나폴리탄,"만들기
1. 팬에 식용유 두르고 마늘, 햄, 채소를 넣고 볶는다
2. 마늘이 노릇해지면 물 한컵 붓기
3. 면을 넣고 8분~10분간 삶기 *물부족시 조금씩 추가*
4. 면이 익으면 케첩3, 굴소스1 넣고 1분 더 볶는다
5. 불끄고 후추 톡, 파마산 치즈도 있으면 뿌려서 먹는다",https://www.youtube.com/watch?v=r9gfs4o2eeA,western,"스파게티면,소시지,마늘,케찹,굴소스"
"강식당3의 불고기 파스타, 강불파 1인분 만들기 ㅣ 백종원의 쿠킹로그","강식당3의 인기 메뉴, '강불파'를 소개합니다.
집에서 맛보는 바다를 건넌 맛! 분명 깜짝 놀라실 겁니다.

===================================

강불파 (불고기 파스타) (강식당3 ver.)
* 재료의 분량은 계량의 편의성을 위해 일괄 g단위로 표기하였습니다.

[설탕간장조림소스 만드는 법]

1. 진간장, 황설탕, 노두유, 후춧가루를 섞어 설탕간장조림 소스를 준비한다.

[칼국수 면 익히는 법]

1. 냄비에 물을 받아 불에 올리고 소금 1꼬집, 퓨어올리브오일 소량을 넣는다.
2. 칼국수 면을 체에 밭쳐 흐르는 물에 전분가루를 씻어낸다.
3. 물이 팔팔 끓어오르면 생면 1인분(140g)을 넣고 잘 저어가며 끓여준다.
4. 물이 끓어 넘치려고 하면 중간중간 차가운 물을 부어가며 약 2분 30초 동안 익힌다.

[불고기 파스타 만드는 법]

1. 마늘은 깨끗하게 씻어 꼭지를 제거하고 굵게 다진다.
2. 깨끗하게 손질한 대파는 반을 갈라 두께 0.3cm로 썰어 준비한다.
3. 프라이팬에 퓨어 올리브오일, 대파, 마늘을 넣고 불을 켜준다.
4. 중불에서 파, 마늘이 노릇해질 때까지 볶다가 베트남 고추를 넣고 약불에서 볶아준다.
5. 고추의 향이 올라올 때쯤 불고기용 소고기를 넣고 뭉치지 않게 잘 펴준다.
6. 소고기가 풀어지면 설탕간장소스를 넣어준다.
7. 익힌 칼국수 면을 넣어준다.
8. 설탕간장소스와 칼국수 면을 잘 섞으며 볶아준다.
9. 면수를 넣고 골고루 섞어준다.
10. 세팅 접시를 준비하고 볶음 젓가락으로 면을 돌돌 감아 담아 준 후 남은 소스를 올려준다.
11. 불고기 파스타 위에 치즈 강판(그레이터)을 사용하여 그라나파다노치즈를 갈아서 올려주고, 파슬리가루를 뿌려 마무리한다.",https://www.youtube.com/watch?v=no3K4M0PqRY,western,"오일,마늘,파,고추,간장,설탕,후추,소금,칼국수면,소고기,치즈,파슬리"
"아웃백커 출신의 【리얼 투움바 파스타】 제발..어렵게 만들지 말아요, 오리지널, 진심, 매장 레시피","Buon Giorno ! 시청자 여러분 안녕하세요 ! JUNS BISTRO 입니다

여러분의 추억속, 투움바 파스타는 어떤 맛인가요?

두근두근거리며 메뉴를 기다리던 그때의 여러분은, 어떤 모습 이었을까요☺️

별것 아닌! 그때 그맛!
그리고 그때의 추억을 고스란히 여러분의 손으로 만들어 보는 레시피!

여러분! 감상을 기다릴게요!
여러분의 손으로 재현한 추억의 맛 ! 
이번주말은 투움바 파스타, 어떠세요^^",https://www.youtube.com/watch?v=k0XWAJQ2TiA,western,"스파게티면,생크림,버섯,새우,파,버터,케찹,소금,후추,파프리카,양파,마늘,파슬리,치즈"
파스타 소스 사지 마,후훟 이번 실험도 성공적이었꾼 케찹마요가 나폴리탄에 항상 마요를 넣고 싶었꺼든!! ㅇㅣ러케 고급스러운 맛이 날 쭐은 몰랐는데!! 아프로능 토마토 소스 없이도 G리는 파스타를 맹글 쑤 있ㄸㅏ아ㅏㅏㅏ 요린이들 쏘ㅏ리질뤄!!! 뽀인트는 케찹을 마요네즈보다 한 숟까락 ㄷㅓ 넣는 것!!!!!뤼멤버!!!,https://www.youtube.com/watch?v=vg0vgbltT34,western,"스파게티면,케찹,파프리카,소시지,마요네즈"
원팬 오븐요리 ★ 어떤 조합도 가능한 쥬키니캐서롤 : Casserole ★ [만개의레시피],"포근포근한 감자를 으깨서 만드는 쥬키니 캐서롤 ★
쥬키니 대신 가지를 해도 좋고, 감자 대신 고구마로 요리해도 좋아요~! 
#쥬키니캐서롤,#Casserole,#오븐요리",https://www.youtube.com/watch?v=kMaH4FDDx9s,western,"감자,후추,버터,쥬키니,소고기,양파,소금,파슬리,토마토소스,식빵,치즈"
미국 가정식 슬로피 조 Sloppy Joe : 두만두 doomandoo,"안녕~ 두만두에요•_•
소고기다짐육을 활용한 3번째 메뉴는 미국 가정식인 슬로피조를 만들어봤어요. 
만들기도 쉽고 들어가는 재료도 특별할 게 없어서 기대없이 만들었는데
진짜 너무 맛있어서 놀랐고 들어간 재료로 이런 맛이 난다는거에 두번 놀라면서 먹었어요. 
너무너무 만족스러운 슬로피조 꼭 만들어서 드셔보셨으면 합니다!!!
그럼 이번 영상도 즐겁게 봐주세요😊
",https://www.youtube.com/watch?v=YYUuwtXLCr8,western,"소고기,양파,피망,마늘,케찹,설탕,소금,후추,머스타드,고춧가루,오일,버터,치즈"
자세한 설명과 함께♥미트볼 스파게티와 미트볼 샌드위치 만들기♥ 이탈리아식 미트볼을 가지고 미트볼 샌드위치와 미트볼 스파게티 만들어 보았습니다.,"토마토소스 스파게티 하면 자연스럽게 미트볼이 생각이 나는데요, 이탈리아 본토에서는 미트볼을 스파게티 위에 얹어 먹는 경우는 극히 드물다고 합니다. 보통 미트볼과 파스타를 따로 내어 놓던지 아니면 파파르델레 같이 굵은 면과 함께 먹는다고 합니다. 그러니 미트볼 스파게티는 미국식 이탈리안 요리라고 볼 수 있겠네요. 

오늘은 미트볼을 가지고 미트볼 섭과 미트볼 스파게티를 만들어 보겠습니다. 저는 미트볼과 밸런스를 맞추기 위해서 저번에 업로드한 맛이 좀 더 진한  '깊은 맛 토마토소스'를 사용했습니다. ",https://www.youtube.com/watch?v=l_5UtJzvG_8,western,"식빵,우유,소고기,돼지고기,치즈,파슬리,소금,후추,계란,마늘"
까르보나라는 원래 크림이 안들어갑니다,"#승우아빠 #남편세끼 #까르보나라 #파스타 #황금레시피
korean food easy recipe

오늘은 까르보나라 입니다
크림없이 계란과 베이컨으로 만들어 보았습니다
기존의 하얀 크림파스타 와는 다른
계란의 녹진한 맛이 담겨있는 파스타 입니다
파마산 치즈를 고급진걸 넣어주면 훨씬 맛있습니다 :D",https://www.youtube.com/watch?v=ogpKykXEVRM,western,"베이컨,치즈,계란,스파게티면,소금,후추"
이탈리아 현지 요리사가 알려주는 라자냐(Lasagna alla Bolognese) #11,"안녕하세요. 
오늘도 클릭해주셔서 감사합니다.
제가 오늘 준비한 영상은 사용하고 남은 라구를 이용해서 라자냐를 만들어봤습니다.
라자냐는 이탈리아 북부에서 유래한 파스타 이며, 라구볼레네제와 베샤멜소스, 파르미자노를 이용해 오븐에 요리하는 음식입니다.
한국에서 먹는 모짜렐라가 들어간 형태는 나폴리에서 많이 쓰며, 남부 지방에서 특히 많이 사용합니다.
라자냐(Lasagna)는 원래 음식 자체가 아니라 냄비를 가리키는 말이에요.",https://www.youtube.com/watch?v=JqixWKICcLE,western,"스파게티면,치즈,버터,밀가루,우유,소금,토마토소스"
[쉬운요리 #47] 귀찮은거 싹 뺀 미트볼 만들기.,"1. 파를 잘게 다져준다.
2. 재료와 양념을 다같이 넣고 섞어준다.
3. 미트볼을 동글동글 만들어준다.
-
감사합니다. :)",https://www.youtube.com/watch?v=roHcBoq5U-U,western,"소고기,돼지고기,계란,파,후추,소금,마늘,소주"
이탈리아에서 요리하는 요리사가 알려주는 40. 치킨 카챠토레 (Pollo alla cacciatora),"안녕하세요! 김밀란입니다.
오늘은 이탈리아 전통요리 중 하나인 사냥꾼식으로 요리한 닭요리입니다.
사냥꾼식이라는 수식어에 어울리게 굉장히 투박한 요리입니다.
또한 어려운 요리 테크닉도 필요가 없습니다. 간단한 재료 몇가지만 갖고 손쉽게 만들수 있는 이탈리아 요리입니다!!
",https://www.youtube.com/watch?v=txNEFqxK5kw,western,"양파,당근,샐러리,닭고기,토마토소스,레드와인"
냉장고에 남은 재료로 만드는 이탈리아 전통 야채수프 미네스트로네 만들기 [쿠킹클래스],"냉장고에 남은 재료로 만드는 이탈리아 전통 야채수프 미네스트로네 만들기 [쿠킹클래스]

- 미네스트로네(Minestrone)
주로 제철 채소와 파스타 등으로 만든 이탈리아 전통 수프.
특별히 정해진 조리법이나 재료는 없으며, 콩, 양파, 당근, 토마토로 만든다.",https://www.youtube.com/watch?v=YXFavjLpfLU,western,"당근,양파,샐러리,애호박,마늘,닭고기,월계수잎,소금,후추,토마토소스,스파게티면,설탕"
[SUB CC] 토마토수프 맛있게 끓이는 비법 : Tomato soup 🍅 [아내의 식탁],"토마토의 다양한 맛을 느끼고 싶을 때, 수프로 즐겨도 좋아요~
항산화 효능과 풍부한 무기질, 비타민을 자랑하는 토마토는 가열하면 좋은 영양소가 더 잘 흡수된다고 하죠? 식사로도 내기 좋은 토마토 수프를 함께 만들어요!",https://www.youtube.com/watch?v=592pf41nDMI,western,"토마토,양파,당근,마늘,월계수잎,버터,파슬리,소금,후추,치즈,오일,치킨스톡"
"여름별미! 냉파스타 샐러드, 냉장보관 토마토 냉파스타. 이탈리아 파티 파스타 와 이탈리아 시골 토마토 소스 샐러드의 만남, JUNTV Cold Pasta Salad","여름을 알리는 차가운 냉 파스타, 여름 다어이트는 냉파스타 샐러드, 진짜 오케이 입니다. 이탈리아 할머니들의 시골스런 신선하고 건강한 다이어트 레시피를 자세히 보여 드립니다. 신선한 토마토 소스와 화려한 파스타 샐러드의 만남 그러나 준티비는 맛 없으면 업로드 안 합니다 | 준티비 푸실리 파스타 샐러드 만들기  이제 여러분 주방에서 직접 만들어 사랑하는 사람들과 나누세요. 요리는 사랑입니다. #파스타, #샐러드,  #파스타샐러드,  #푸실리, #이탈리아요리, #파티음식, #간단요리",https://www.youtube.com/watch?v=dlAgfZN0dCo,western,"스파게티면,양파,버섯,올리브,루꼴라,오일,소금,후추"
이탈리아에서 요리하는 요리사가 알려주는 47. 새우 스파게티 샐러드,"안녕하세요 김밀란입니다.
오늘은 여름을 맞아 차가운 파스타 시리즈 그 두번째.
새우 스파게티 샐러드입니다.
여름에는 곧잘 파스타를 이용해 샐러드형식으로 차갑게 만들어 먹는데요,
이 요리는 ALMA 재학시절 배웠던 요리를 제 방식으로 다시 풀어보았습니다.
굉장히 쉽고 맛있으니 더운 여름, 차가운 파스타 샐러드와 함께 떨어진 입맛을 다시 되돌려봤으면 좋겠습니다.

감사합니다!
",https://www.youtube.com/watch?v=GH7AEgqdwAk,western,"샐러리,소금,후추,오일,새우,토마토,올리브,양파,스파게티면,화이트와인,고추,바질"
이탈리아 전통 집밥 레시피 : #18 이탈리아 남부 특산물인 전통 레시피로 만든 이탈리아 빵!! 파네 디 알타무라 Pane di altamura Pugliese 만들기,"안녕하세요^.^ CasaMeana입니다. 오늘 소개할 레시피는 이탈리아 식탁에서 빠질 수 없는 빵가운데 수세기의 전통을 가진 레시피를  소개합니다.
이탈리아 남동부에 위치한 풀리아(Puglia)주 지방에서 만드는 특산품의 하나인 파네 디 알타무라(Pane di Altamura)라는 중세기(1420년) 무렵부터 내려오는 오랜 역사를 지닌 이탈리아 전통의 빵 레시피입니다.
이 오래된 레시피는 4시간정도 두번의 긴 발효과정과 30분정도 오븐에서 구운 이 빵은 죽기 전에 먹어봐야 할 세계 음식 중에 하나인 잊을 수 없는 새로운 빵 맛을 전할 것입니다.",https://www.youtube.com/watch?v=jzyapRQbXPo,western,"밀가루,효모,소금"
"정말 살빠져요. 이탈리아 가정식, 가지요리, 야채 맛있게 먹는법, 저탄수화물, 저탄고지 키토식단","지난번에 만든 토마토소스로 이탈리아 가정식 가지요리 ‘파르미자나 디 멜란자네 & 쥬키니’를 만들어 봤어요.
여러 번 만들어 봤지만 가지에 대한 호불호가 있어서 딱 마음에 들지 않다가 쥬키니를 같이 넣어보니 너무 맛있어서 소개하게 되었어요.
정말 맛있어서 야채 싫어하시는 분들도 맛있게 드실 수 있을 것 같아요.
그럼 영상 끝까지 보시고 가지 & 쥬키니 그라탕 만들어 보세요.  ",https://www.youtube.com/watch?v=ex-nrxXw71o,western,"가지,호박,오일,토마토소스,치즈,파슬리"
[ENG] [순탄수3g] 파프리카오븐구이 | 파프리카요리 | 다이어트레시피 | | 저탄수레시피 | 키토제닉레시피,"Calories : 450cal(1개분량)
Carbs : 10%
Fat : 65%
Prot : 25%",https://www.youtube.com/watch?v=FpcG_d71zK0,western,"파프리카,소고기,아몬드,토마토소스,치즈,마늘,소금,후추,파슬리"
"크리스마스🎄| # 032 이탈리아의 크리스마스 정찬 코스, 피렌체식 로스트비프 Tuscan-Style Roast Beef | 라스토리아","이탈리아에서 일 년 중 가장 큰 행사는 뭐니 뭐니 해도 크리스마스이브-크리스마스입니다. 이 기간이 되면 상점은 대부분 문을 닫고 가족과 함께 집에서 보내죠.
특히 크리스마스이브의 저녁 메뉴는 몇 개월 전부터 생각할 정도로 매우 중요한 의미를 가지고 있어요. 일 년 중 가장 성대하고 화려하며 무엇보다 온 가족이 함께 하기 때문이죠. 그럼 이탈리아 사람들은 크리스마스에 어떤 요리를 주로 먹을까요. 매우 어려운 질문이에요.

고기를 메인으로 준비하는 북부 이탈리아와 다르게 남부로 내려가면 내려갈수록 식탁 위에 생선이 올라오는데요, 예를 들어 나폴리의 크리스마스이브 저녁은 뱀장어를 먹는 전통을 가지고 있어요. 악마를 상징하는 뱀을 닮았다는 이유로 온 가족이 장어를 먹으며 악을 물리치고 평화로운 새해를  기원하기 위해서죠. 밀라노에선 주로 이 기간이 되면 슈퍼마다 거대한 칠면조들이 등장하기 시작하는데,
칠면조뿐 아니라 수탉, 양고기, 토끼고기, 송아지 등등 가정마다 다~달라요. 물론 해산물이 메인이기도 하죠. 
대개 닭이나 칠면조, 고기는 다진 돼지고기와 소고기, 빵과 치즈, 허브를 다져 속을 채워 든든하게 먹는데요, 저는 처음으로 크리스마스를 여러분과 함께하는지라 초보의 컨셉을 잡고 아주 쉬운 로스트비프를 준비했어요. 

피렌체의 한 유명한 정육점의 주인이자 셰프인 Dario Cecchini 다리오 체끼니라는 분이 공개한 레시피인데요, 너무 간단한데 끝내주는 맛이라 자신 있게 여러분께 소개해드립니다. 그럼 먼저 식재료를 볼까요?",https://www.youtube.com/watch?v=L0SLnVK8Zyc,western,"소고기,올리브유,소금,파슬리,로즈메리"
"[진짜 맛있음!] 마음까지 따뜻해지는 소시지 토마토 스튜, 칠리 토마토 스프","소시지를 이용하여 토마토 스튜를 만들어 봤어요.
살짝 매콤, 새콤한 맛이 중독성 있어요.
또 야채를 많이 넣어서 든든하게 먹을 수 있는 스튜랍니다.. 
영상 보시고 맛있는 소시지 토마토 스튜 만들어 보세요.",https://www.youtube.com/watch?v=jcA41b4cRaQ,western,"오일,마늘,파,소시지,양파,파프리카,버섯,토마토소스,생크림,요거트,고추,강황"
이태리 요리샘중 제일 맛있는 가리비 파스타 만들기,"맛있는 엑스트라버진 올리브오일 
마늘 페퍼론치노 파슬리 면만 있으면 

만족스러운 알리오올리오 만들수 있어요. 

요리수업에서  파스타 종류는 많이 배웠는데 
가장 전달력 있게 맛을 내는 방법을 알려주신 나의 온라인 파스타샘인 
김밀란 샘께  감사 인사를 드려요. ^^  가리비 파스타는 봉골레 파스타를  참조해서 만들어 봤는데 
그냥 말이 필요 없게 맛있어요. 이제 자신있게 만들수 있어요.  

설명 잘 보시고 맛있는 파스타 만들기 해 보세요.

면 요리는 1인분씩  해야 실패도 안하고 맛도 보장 됩니다.  

오늘도 정성스런 하루 보내세요.",https://www.youtube.com/watch?v=KGrzkE-gmPM,western,"가리비,파슬리,마늘,고추,오일,스파게티면"
렌틸콩스프,"새해 첫 날 

레틸스프를 먹으면 부자가 된다는 

이탈리아의 풍속이 있어요.

2020년 몸도 마음도 부자가  되기위한

레시피를 나눠 봅니다!

평안한 2020년 되세요~",https://www.youtube.com/watch?v=bJ4nVwhKVCg,western,"콩,샐러리,당근,양파,토마토소스"
간편한 한끼 | 5분이면 완성! 🌯 프랑크 소시지 또띠아 랩,"🌯프랑크 또띠아

냉장고 속 채소들과 프랑크 소시지를 또띠아로 
돌돌 말아주면 빵집 부럽지 않은 소시지 빵 완성! 

이번 주 주말 아이들과 함께 만들어 보세요!
재미있고 쉽게 만들 수 있어 엄마표 요리 놀이로 딱이예요!🥰

목우촌 몰에서 육즙과 탱글탱글한 식감이 살아있는
프랑크 소시지를 만나보세요!",https://www.youtube.com/watch?v=Q6VFbsDryNI,western,"소시지,또띠아,양상추,파프리카,토마토소스,머스타드"
"Polenta au fromage facile, 돌로미티 치즈 폴렌타, Sotopomkcuisine","이태리식 옥수수죽 폴렌타입니다.
지난번 돌로미티 갔을때 트레킹 중간에 너무 맛있게 먹은 기억에 한번 만들어 보았어요.
재료도 복잡하지 않고 만드는 법도 아주 간단하죠.
우리 조상님(?)들 힘드셨을때  끼니 때우느라 드시던 그 옥수수죽이
이렇게 이태리식 버젼으로 치즈와 버터를 넣어 업그레이드 되니
제법 폼나는 한끼가 되네요 ㅎㅎ",https://www.youtube.com/watch?v=az2KgqgVhdM,western,"옥수수가루,우유,버터,소금,후추,파슬리"
[ENG CC] 아이들 시금치 맛있게 먹이는 방법 (이태리 피자 깔조네 레시피) [Calzone Pizza Recipe of Master | Italian Food],"[ENG sub] 아이들 시금치 맛있게 먹이는 방법
(이태리 피자 깔조네 레시피) [Calzone Pizza Recipe of Master | Italian Food]",https://www.youtube.com/watch?v=y40G53814x8,western,"밀가루,효모,소금,오일,시금치,치즈,계란,마늘,후추,식빵"
아웃백 뺨때리는 폭찹 스테이크,"오늘은 스테이크 변형 메뉴중에 많은 사랑을 받으시는 요리
찹스테이크를 만들어 보았습니다
사실 찹스테이크는 이게 아니지만... 말이에요
어쨋든 맛있으면 된거 아니겠습니까 (하하하)",https://www.youtube.com/watch?v=IW02ZDBnxRI,western,"돼지고기,버섯,파프리카,돈까스소스,케찹,올리고당,굴소스"
샘킴's 브루스케타 [Chef Sam Kim's Break Time Recipe] Brustchetta.ep23,"빠른 시간 안에 금방 만들 수 있는 
근사한 요리 '브루스케타' 입니다 

납작하게 잘라서 구운 빵 위에
재료를 얹기만 하면 되는 거라
꼭 바게트 빵이 아니라도
상관없어요~ 

만들기 전혀 어렵지 않습니다
꼭 도전해 보세요ㅎ",https://www.youtube.com/watch?v=htG1uue50j0,western,"식빵,토마토,마늘,치즈,바질,오일,소금,후추"
이탈리아에서 요리하는 요리사가 알려주는 56. 포르치니 리조또,"안녕하세요 김밀란입니다.
오늘은 포르치니 마지막 영상.

포르치니 리조또입니다!
생포르치니가 한국에선 구할 수 없으므로 건포르치니 + 일반 버섯으로 사용하시면 됩니다.",https://www.youtube.com/watch?v=c9xbaeJXwHc,western,"버섯,오일,쌀,올리브유,쌀,화이트와인,소금,후추,버터,치즈"
"[ENG/KOR] 간단한 계란요리 '야채 베이크드 에그' 만들기 Simple Brunch Idea/Recipe, Baked eggs with mixed vegetables","안녕하세요
냉장고에 있는 재료도 소진할 겸 야채 듬뿍 베이크드 에그를 만들어보았어요
심플한 재료이지만 한 번 드셔보시면 다들 깜짝 놀라실거예요
강추 레시피입니다 :)",https://www.youtube.com/watch?v=NId5pyIMjZ4,western,"계란,버섯,브로콜리,토마토,마늘,생크림,치즈,오일,소금,후추"
실제로 판매하는 한식요리사의 고급진 버섯전골 레시피,손님상에 전골요리로 올려주시면 너무나 좋은 버섯전골 입니다. 꼭 밖에서 사먹지 않아도 충분히 맛있는 전골 드실 수 있어요. 절대 실패 하지 않으실 테니까 만들어 보셔요~~ ^^,https://www.youtube.com/watch?v=9d6EHUlTmn8,korean,"사골곰탕,소고기,파,두부,양파,호박,고추,마늘,버섯,간장,후추,참기름"
부대찌개 레시피,"부대찌개 육수, 소스 등 재료의 비밀!",https://www.youtube.com/watch?v=KTtbX3Ak_d8,korean,"햄,베이컨,파,고추,양파,두부,김치,떡,고춧가루,간장"
닭볶음탕 돈주고 사지말고 만드세요!! 홍탁집 만큼 맛있는 닭볶음탕 레시피,"1.닭볶음탕용 닭 배 안쪽을 깨끗하게 씻어줍니다.
2.끓는물에 소주 2잔을 넣고 닭은 끓고나서 2분간 데쳐줍니다
3.깨끗이 헹궈주고 물 400ml와 감자를 넣고 끓여줍니다.
4.분량의 양념장을 만들어 넣고 15분가량 중불에서 끓여줍니다
5.나머지 야채를 넣고 5분 더 끓여줍니다.
6.마무리 간 보시고 완성. 쉽쥬?",https://www.youtube.com/watch?v=H3T-t-pt5gQ,korean,"닭고기,감자,양파,파,당근,마늘,떡,당면,간마늘,설탕,고추장,고춧가루,소주,후추,생강,올리고당"
"[기사식당]한식 주방장의 바로 팔아도 되는 제육볶음 레시피
","제육볶음 맛있게 하는 방법 보고 오셨을 분들
잘 오셨어요
정말 맛있는
맛집 한식당에서 먹는듯한 
제육볶음 레시피 알려드려요 ",https://www.youtube.com/watch?v=Zn4Wsrv2Xds,korean,"돼지고기,파,양파,마늘,양배추,버섯,간장,고춧가루,고추장,굴소스,올리고당,마늘,후추,생강,참기름"
"글로벌 한식! '소불고기'. 한국의 불고기가 이렇게 맛있습니다.
","1. 대파, 홍고추는 어슷썰기하고 표고버섯은 가늘게 편 썬다.
2. 양파는 굵게 채 썰고 일부는 작게 자른 후 믹서기에 갈아 준비한다.
3. 믹싱 볼에 쇠고기, 설탕, 물엿을 넣고 섞은 후 10분 정도 재운다.
4. 재워진 고기에 진간장, 간 양파, 다진 마늘, 후춧가루, 참기름을 넣고 골고루 섞는다.
5. 양념한 고기에 양파, 표고버섯, 홍고추, 대파를 넣고 섞는다.
6. 예열된 팬에 불고기를 넣고 볶은 후 통깨를 뿌려 마무리한다.",https://www.youtube.com/watch?v=p3IQTouKyH0,korean,"소고기,양파,버섯,파,고추,설탕,물엿,양파,마늘,간장,후추,참기름"
초간단 김치찌개,"1. 대파와 고추는 송송 썰어 준비합니다. 
2. 냄비에 목살과 쌀뜨물을 넣고 충분히 끓여, 고기 육수를 우려냅니다. 
3. 고기 육수가 충분히 우러나면 김치와 다진마늘을 넣습니다. 
4. 국물이 끓어오르면 대파와 고추를 넣습니다. 
5. 고춧가루를 넣고 잘 섞습니다. 굵은 고춧가루와 고운 고춧가루를 반씩 섞어 넣으면 더욱 좋습니다. 
6. 국간장과 새우젓을 넣고 잘 저어 줍니다. 
※ 기호에 따라 다른 채소를 넣거나, 물의 양을 조절해 자신만의 레시피를 만들어 보세요! ",https://www.youtube.com/watch?v=DnQ09ZZCjCs,korean,"돼지고기,김치,마늘,파,고추,고춧가루,간장,새우젓"
강식당2 화제의 메뉴! 김치밥이 피오씁니다,"이번에는 특별한 레시피를 공개합니다. 많은 분께서 요청해주신 강식당2에 나온 김치밥입니다. 쉽게 구할 수 있는 재료로 만든 김치볶음밥의 업그레이드 버전, 김치밥! 강식당2 속 그 메뉴, 직접 만들어보는 건 어떨까요?",https://www.youtube.com/watch?v=R6IT_f0XPT8,korean,"김치,파,고춧가루,간장,설탕,쌀,김,치즈"
진짜 분식집 떡볶이 만들기(분식집 떡볶이 레시피) 학교 앞에서 먹던 바로 그 맛!,"여러분이 애타게 찾으시던 바로 그 레시피,,
#분식집떡볶이 레시피입니다

이 세상 어디에도 없던,,,떡볶이 레시피
그동안 제 위장을 거쳐간 수많은 떡볶이들에게 이 영광을 돌립니다😋
저를 믿고 따라해보세요😉😉",https://www.youtube.com/watch?v=aIgelu5E608,korean,"고춧가루,설탕,물엿,소금,후추,떡,어묵,파"
계란찜 :: 간단요리 :: #92,"1. 계란은 곱게 풀고 계란양 만큼 물을 붓는다
2. 소금, 설탕, 참기름, 다진 채소를 넣는다
3. 냄비에 물을 받고 삼발이 또는 넙적한 그릇을 올린다
4. 물이 끓기 시작하면 계란물 접시를 넣고 뚜껑을 닫는다
5. 약불로 줄여 20분 정도 둔다
6. 익었는지 젓가락으로 찔러본다 (계란물이 묻어나오지 않으면 익은것)

* 다 된 계란찜에 참기름 한스푼 올리면 더 고소하고 맛있습니다 *",https://www.youtube.com/watch?v=Gjha0fgJnfA,korean,"계란,당근,파,설탕,소금,참기름"
매일 먹고 싶은 카레,"1. 양파, 고구마를 작게 토막낸다
2. 냄비에 기름 넉넉히 두르고 양파 살짝 투명해질 때까지 볶기
3. 고기넣고 겉면 익을정도로 볶다가 고구마 넣기
4. 고구마 슬쩍 볶는 시늉하다가 물 붓기 ( 재료 살짝 잠길만큼 ! 약 500ml )
5. 뚜껑닫고 10분 끓이기 (중불)
6. 카레넣은 후 5분 더 끓이기 (중약불)",https://www.youtube.com/watch?v=4uu3iWCycbg,korean,"돼지고기,소고기,고구마,카레"
"훈제오리부추볶음, 최고의 음식궁합 부추와 오리","세상에서 가장 따스한 맛을 만들어 내는 영자씨의 부엌에 오신 것을 환영합니다.
오늘 소개해 드릴 음식은 #훈제오리 #훈제오리부추볶음 입니다.",https://www.youtube.com/watch?v=PfZXeLnsymw,korean,"오리고기,양파,부추,고추,마늘,간장,참기름"
자연스러운 감칠맛의 다시마칼국수! ,"오늘은 자연스러운 감칠맛을 느낄 수 있는 다시마칼국수입니다.
국물이 정~말 끝내줍니다!",https://www.youtube.com/watch?v=iij0bMkadEw,korean,"다시마,칼국수면,간장,소금,호박,당근,감자,양파,파,고추"
참치마요덮밥 만드는법,"이번에는 참치마요덮밥 만들기를 해보도록 하겠습니다.

입맛이 없을 때 간단한 음식으로 한끼를 해결하고 싶을 때가 있는데요.
그럴 때 좋은 음식이 바로 참치마요덮밥이에요.",https://www.youtube.com/watch?v=a6lK9NA7jgI,korean,"마요네즈,식초,설탕,후추,참치,간장,설탕,참기름,후추,양파,계란,김"
돼지고기 듬뿍! 불맛 짬뽕라면,"오늘 소개할 라면은 해물이 아닌 돼지고기가 들어간 짬뽕라면입니다. 비 오는 날, 불맛이 더해져 더욱 얼큰하고 칼칼한 불맛 짬뽕라면 한 그릇 어떠세요?",https://www.youtube.com/watch?v=YISYMu2Txp4,korean,"라면,돼지고기,양배추,파,양파,고춧가루,간장"
집에서 먹는 신림동st 백순대볶음!,"유명한 신림동 백순대볶음을 집에서 만들어보세요!
친구들을 초대해서 집들이 요리로도 좋고 술과도 잘 어울립니다.",https://www.youtube.com/watch?v=6AmBDFIJRE8,korean,"순대,양파,파,당근,마늘,양배추,깻잎,고추,설탕,소금,당면,고추장"
★오이양파무침★ 너무너무 맛있어서 무릎을 탁 치면서 감동한 레시피!!,오늘은 맛있는 오이양파무침 레시피를 알려드리겠습니다.,https://www.youtube.com/watch?v=NczD-AZVOjM,korean,"오이,양파,고춧가루,설탕,간장,고추,파,참기름"
고기만두!! 비법이 들어 있습니다. 가족과 함께 집에서 만들어 보세요!! ,가족들과 오손도손 모여 이야기 나누며 만두한번 빚어 보세요 ^^,https://www.youtube.com/watch?v=SZp5fTHZnmc,korean,"두부,부추,파,마늘,돼지고기,당면,숙주나물,간장,소금,설탕,참기름,후추"
밥을 훔친 오징어볶음&덮밥,"또다른 밥도둑 오징어 볶음 레시피 입니다.
한번 맛보면 절대 못끊는 맛!
덮밥으로 해서 계란후라이랑 함께 먹어도 잘 맞아요~",https://www.youtube.com/watch?v=0CL9U_Se8Gs,korean,"오징어,양파,파,당근,고추,양배추,참기름,설탕,마늘,고추장,고춧가루,쌀,계란"
이것만 기억해! 밥도둑 꽁치 김치찌개 레시피,"오늘은 간단하게 꽁치 김치찌개를 끓여볼게요.
간단하게 볶는건 길게! 끓일때는 짧게! 
.
한번 따라 해보세요!
얼마나 맛있게요 ~~",https://www.youtube.com/watch?v=XQVOMcVyD78,korean,"꽁치,김치,파,두부,마늘"
겉바속촉 초간단 감자전,"오늘은 감자만 있으면 돼는 아주 간단한 감자전 레시피입니다
바삭함과 쫄깃함이 배가 되는! 이게 바로 감자전의 매력이죠
꼭 비올 때까지 기다렸다 드세요~",https://www.youtube.com/watch?v=N82hJpl5cMM,korean,"감자,소금,참기름,고추,간장,식초"
쭈꾸미삼겹살볶음 한식 요리사의 집밥 레시피 믿고 만드시면 됩니다,"3,4,5월까지 쭈꾸미의 제철입니다!!
지금 이맘때 넘나 맛있는 쭈꾸미 드셔보세요~~
삼겹살과 함께 볶아드시면 정말 가슴속까지 감동하는 맛을 만드실 수 있습니다 ㅎㅎ 얼른 준비하세욧!!",https://www.youtube.com/watch?v=GGFbD53jKTk,korean,"쭈꾸미,돼지고기,파,양파,고추,깻잎,마늘,콩나물,간장,굴소스,물엿,고춧가루,고추장,설탕,후추"
정말 간단해요! 안주로 안성맞춤인 시금치베이컨볶음!,"1. 시금치는 세척하여 꼭지 부분은 잘게 잘라 준비한다.
2. 베이컨은 1cm 정도 두께로 자른다.
3. 마늘은 굵게 다져 준비한다.
4. 프라이팬에 식용유를 두르고 마늘, 베이컨, 맛소금을 넣어 볶는다.
5. 마늘이 노릇해지면 시금치를 넣고 볶아 완성한다.",https://www.youtube.com/watch?v=JV5pUbCiy1s,korean,"시금치,베이컨,마늘,참기름,소금"
우리집이 휴게소 '소떡어떡',"휴게소 간식 소떡소떡을 응용한 홈메이드 '소떡어떡' 레시피입니다
직접 만들어보는 재미도 있고, 먹는 재미도 있고!
여러가지 다양하게 취향별로 꼽아서 만들어 보세요~",https://www.youtube.com/watch?v=OSYQHa-vbVU,korean,"떡,햄,소시지,어묵,설탕,간장,케찹,고추장"
참치캔'으로 만드는 참치함박스테이크,"백파더에서 알려드렸던 '참치함박스테이크' 입니다.
고기로 만드는 것보다 간단하고 쉽게 만들 수 있는 방법입니다.
많이들 드셔보세요~",https://www.youtube.com/watch?v=dxuntkET42M,korean,"참치,양파,파,고추,계란,마늘,설탕,케찹,간장,버터"
초간단 1분 라볶이,"백파더'에 나왔던 1분 라볶이 입니다.
맛있는 라볶이를 별거 없는 재료로 아주 쉽게 만들 수 있는 초간단 방법입니다.
여러분도 집에 있는 국물 있는 라면으로 한번 만들어보세요~",https://www.youtube.com/watch?v=6e-IbuuD6ZU,korean,"라면,파,설탕,고추장"
정말 쉬운 달걀말이!,"달걀말이 어렵게 생각하실 필요 없어요~
만들면서 찢어지더라도 겁먹지 마시고 한번 해보세요!",https://www.youtube.com/watch?v=T7YJviWhquo,korean,"계란,당근,파,소금,설탕"
"참 쉬운 김밥만들기, 김밥 A~Z까지~!","Korean Sushi NO! This is Gimbap!
소풍 갈 때 대표 음식 김밥, 참 쉬운 김밥을 한번 집에서 만들어보세요!",https://www.youtube.com/watch?v=10fl2mebYHs,korean,"김,시금치,계란,당근,쌀,소금,참기름,설탕,단무지,식초,맛살,소시지"
갈비찜' 의외로 무지하게 쉽습니다. 이번 추석엔 푸짐한 소갈비찜 요리로 점수 따세요!,"생각보다 어렵지 않은 '소갈비찜' 레시피입니다.
올 추석에는 가족들을 위해 소갈비찜을 직접 만들어 보는 건 어떠신가요?",https://www.youtube.com/watch?v=PjMWHZ3ubsQ,korean,"간장,설탕,마늘,생강,파,참기름,후추,소고기,버섯,양파,고추,당근"
밖에서 사먹는 순두부찌개 맛을 집에서!! ,"순두부찌개 만드는 방법은 여러 가지가 있습니다.
오늘은 양념장을 따로 만들지 않고 한번에 끓이는 방법을 알려드릴게요.",https://www.youtube.com/watch?v=nj-DjQFEZb0,korean,"순두부,돼지고기,양파,파,고추,마늘,설탕,고춧가루,참기름,소금,간장,계란,후추"
막걸리가 생각나는 '부추전',"전집에서 사드시는 것처럼 파~란 색이 나는 부추전을 알려드릴게요.
부추전 만드셔서 막걸리와 같이 드셔보세요!",https://www.youtube.com/watch?v=wfm951HEpGU,korean,"부추,당근,고추,새우,참기름,마늘,간장,식초,설탕"